{"total_trades": 3, "winning_trades": 2, "losing_trades": 1, "win_rate": 66.66666666666666, "avg_profit": 5.7607964409682495, "avg_win": 13.011003977310798, "avg_loss": -8.73961863171685, "avg_holding_days": 58.666666666666664, "total_return": 17.28238932290475, "max_profit": 15.595778158107422, "max_loss": -8.73961863171685, "target_reached": 1, "max_period": 2}